<?xml version="1.0" encoding="UTF-8"?>
<rss version="2.0" xmlns:atom="http://www.w3.org/2005/Atom">
  <channel>
    <title>Retail Link Blog</title>
    <description>Why shop around when Retail Link has everything in store? Find out how we can offer you the best retail recruitment service at: 
</description>
    <link>http://www.retaillinkrecruitment.co.uk/blog/blog/</link>
    <atom:link href="http://www.retaillinkrecruitment.co.uk/blog/blog/feed.xml" rel="self" type="application/rss+xml"/>
    <pubDate>Fri, 26 Jun 2015 10:48:44 +0100</pubDate>
    <lastBuildDate>Fri, 26 Jun 2015 10:48:44 +0100</lastBuildDate>
    <generator>Jekyll v2.4.0</generator>
    
      <item>
        <title>Good and bad news in retail as Boots cuts jobs and Pets at Home creates more</title>
        <description>&lt;p&gt;&lt;img src=&quot;http://www.retaillinkrecruitment.co.uk/blog/assets/img/updown.jpg&quot; alt=&quot;Boom and bust in retail&quot; /&gt;&lt;/p&gt;

&lt;p&gt;&lt;em&gt;Tim Elliott, head of recruitment at Retail Link, reflects on recent contrasting fortunes in the industry&lt;/em&gt;&lt;/p&gt;

&lt;p&gt;The latest news from Boots and Pets at Home highlights the challenges and opportunities on the High Street at the moment.&lt;/p&gt;

&lt;p&gt;Chemist chain Boots is cutting 700 jobs while Pets at Home is opening new stores and continuing to take on more staff.&lt;/p&gt;

&lt;p&gt;Boots insists that none of its job losses will affect its 2,500 outlets or 630 Opticians’ branches.&lt;/p&gt;

&lt;p&gt;Around 400 are going from its Nottingham headquarters, with a further 300 from field roles, mostly managers who visit the stores.&lt;/p&gt;

&lt;h2 id=&quot;boots-job-cuts-follow-merger&quot;&gt;Boots’ job cuts follow merger&lt;/h2&gt;

&lt;p&gt;The cuts follow the £9bn takeover by Walgreens, the US drugstore group to create the Walgreens Boots Alliance.&lt;/p&gt;

&lt;p&gt;I was interested to read in Retail Week that Boots’ president Simon Roberts insists that the cuts are not directly related to the merger. The massive business founded as a herbalist store by John Boot in 1849 continues to employ around 8,000 people at its Nottingham office and 60,000 across its stores.&lt;/p&gt;

&lt;p&gt;I’m not so sure because mergers often result sooner or later in fewer staff, especially in head office operations.&lt;/p&gt;

&lt;p&gt;I’m always disappointed to see jobs go in the retail industry but pleased that none of the cuts at Boots is going from the front line.&lt;/p&gt;

&lt;p&gt;At a time when retail is still an attractive career, and an industry that continues to grow, I’m confident that people losing their job at Boots will find other roles in the sector. Many retailers are taking on staff at the moment.&lt;/p&gt;

&lt;h2 id=&quot;looking-after-staff-as-well-as-pets&quot;&gt;Looking after staff as well as pets&lt;/h2&gt;

&lt;p&gt;That’s just what Pets at Home is doing right now. The pet specialist retailer is recruiting strongly and investing in existing employees, chief executive Nick Wood told Retail Week.&lt;/p&gt;

&lt;p&gt;The company already has 400 stores across the UK and plans to open another 20 – 25, 50 – 55 vet practices, and 55 - 60 pet salons, as well as five specialist luxury dog stores called Barkers over the next few months.&lt;/p&gt;

&lt;h2 id=&quot;impressive-staff-retention-rate&quot;&gt;Impressive staff retention rate&lt;/h2&gt;

&lt;p&gt;I am impressed that Pets at Home has a staff retention rate of 81%. That’s one of the highest in the retail sector and knocks on the head the widespread but false claim that retail is a low-paid, high-churn industry. It’s a great business offering lots of well-paid career opportunities.&lt;/p&gt;

&lt;p&gt;It’s also good to see that Pets’ staff are paid above the minimum wage and should be on “over £7 per hour” within nine months of joining the business and starting extra training.&lt;/p&gt;

&lt;p&gt;Pets at Home is a real success story, growing fast, opening stores and hiring more people.&lt;/p&gt;

&lt;p&gt;It’s a great example of a retailer finding a gap in the market, filling it effectively and attracting a lot of customers.&lt;/p&gt;

&lt;p&gt;And it’s definitely not the only one. My work brings me into contact with many retailers that are doing just the same.&lt;/p&gt;

&lt;h2 id=&quot;retail-doing-its-bit-for-job-numbers&quot;&gt;Retail doing its bit for job numbers&lt;/h2&gt;

&lt;p&gt;Retailers are contributing massively to the encouraging dip in unemployment and rise in employment.&lt;/p&gt;

&lt;p&gt;The latest figures show that the number of people out of work in the three months to April 2015 fell by 43,000 to 1.81 million. The national jobless rate was 5.5%, the lowest for seven years.&lt;/p&gt;

&lt;p&gt;Some 73.4% of people aged from 16 to 64 were in work, up from 72.25 a year earlier. The number of people in a job rose by 114,000 to 31.05 million.&lt;/p&gt;

&lt;p&gt;This is heartening news, especially for young people trying to find their first job. I hope this trend continues and I’m confident it will as long as the economy remains buoyant. Retail is undoubtedly playing a big part in this encouraging pattern, and, for young people especially, offers a good first step on the career ladder.&lt;/p&gt;

</description>
        <pubDate>Mon, 22 Jun 2015 12:42:36 +0100</pubDate>
        <link>http://www.retaillinkrecruitment.co.uk/blog/blog/retail/jobs/2015/06/22/good-and-bad-news-in-retail-as-boots-cuts-jobs-and-pets-at-home-creates-more.html</link>
        <guid isPermaLink="true">http://www.retaillinkrecruitment.co.uk/blog/blog/retail/jobs/2015/06/22/good-and-bad-news-in-retail-as-boots-cuts-jobs-and-pets-at-home-creates-more.html</guid>
        
        
        <category>retail</category>
        
        <category>jobs</category>
        
      </item>
    
      <item>
        <title>Recruitment specialist counters claim that retail jobs are a poor career choice</title>
        <description>&lt;p&gt;&lt;img src=&quot;http://www.retaillinkrecruitment.co.uk/blog/assets/img/till.jpg&quot; alt=&quot;Disgruntled employee&quot; /&gt;&lt;/p&gt;

&lt;p&gt;Retailers have a long way to go to convince consumers the industry offers good jobs, according to a survey.&lt;/p&gt;

&lt;p&gt;An ICM poll for Retail Week found that only one in six (17%) regard it as good career choice. This ranks it third from bottom in a list of 14 sectors, finishing ahead of only charity work and agriculture.&lt;/p&gt;

&lt;p&gt;Yet retail is now the biggest employment sector in the UK.&lt;/p&gt;

&lt;p&gt;Experts believe the poor image is because most people think it only offers entry-level jobs. But Richard Pennycook, Co-operative Group chief executive, told Retail Week that many people in retail boardrooms had started on the shop floor. “It’s one of the most meritocratic sectors and we need to make more of that,” he said. “Retail is a fabulous sector and people who progress through it develop enviable skills.”&lt;/p&gt;

&lt;p&gt;The poll found that fewer than one in 10 consumers thought retail offered well-paid jobs.&lt;/p&gt;

&lt;p&gt;Tim Elliott, head of retail recruitment at Retail Link, said there were many misconceptions about the industry. “We work with many retailers to find them talented staff at all levels. Many at management level began their career serving customers on the shop floor and it’s an ideal platform for a successful career offering good salaries.”&lt;/p&gt;

&lt;p&gt;He added: “I agree that there is a popular perception that the only work available in retail is at the check-out or in a warehouse. But this is a false impression because many of the clients we work for offer a wide range of jobs, many in senior roles and others that offer a pathway to senior positions. Retail is a great industry to join – and there are so many opportunities that both new entrants and experienced staff will be spoilt for choice.”&lt;/p&gt;
</description>
        <pubDate>Fri, 19 Jun 2015 12:42:36 +0100</pubDate>
        <link>http://www.retaillinkrecruitment.co.uk/blog/blog/retail/jobs/2015/06/19/recruitment-specialist-counters-claim-that-retail-jobs-are-a-poor-career-choice.html</link>
        <guid isPermaLink="true">http://www.retaillinkrecruitment.co.uk/blog/blog/retail/jobs/2015/06/19/recruitment-specialist-counters-claim-that-retail-jobs-are-a-poor-career-choice.html</guid>
        
        
        <category>retail</category>
        
        <category>jobs</category>
        
      </item>
    
      <item>
        <title>Craig appointed Retail Trust ambassador</title>
        <description>&lt;p&gt;&lt;img src=&quot;http://www.retaillinkrecruitment.co.uk/blog/assets/img/craig.jpg&quot; alt=&quot;Craig Vidler&quot; /&gt;&lt;/p&gt;

&lt;p&gt;After more than 40 years in the retail industry, including recruiting many of its most senior figures, Craig Vidler has been appointed a Retail Trust ambassador.&lt;/p&gt;

&lt;p&gt;The voluntary role is a fine reward for a lifetime of service to the industry he loves.&lt;/p&gt;

&lt;p&gt;As chairman of Retail Link, a sector specialist, he has a strong track record of finding the best people and promoting retail as a great career choice for talented people of all ages and abilities.&lt;/p&gt;

&lt;p&gt;Under Craig’s leadership, Star Executives became one of the biggest retail recruitment names in the UK. He owns and runs the Prima Principia recruitment consultancy and Grey4Gold, which finds experienced retail mentors.&lt;/p&gt;

&lt;p&gt;For the past six years, he has been a senior figure in HR GO plc, a £90 million national recruitment business founded 60 years ago, for the past two years as group managing director.&lt;/p&gt;

&lt;p&gt;Craig, a former director and trustee of Retail Trust, has raised more than £500,000 for good retail causes from his annual two-day fly fishing event.&lt;/p&gt;

&lt;p&gt;Craig said: “I’m very happy to be associated with this important charity over so many years and am delighted to continue that link as a Retail Trust ambassador.”&lt;/p&gt;
</description>
        <pubDate>Tue, 16 Jun 2015 12:42:36 +0100</pubDate>
        <link>http://www.retaillinkrecruitment.co.uk/blog/blog/news/2015/06/16/craig-appointed-retail-trust-abassador.html</link>
        <guid isPermaLink="true">http://www.retaillinkrecruitment.co.uk/blog/blog/news/2015/06/16/craig-appointed-retail-trust-abassador.html</guid>
        
        
        <category>news</category>
        
      </item>
    
      <item>
        <title>Fly-fishing catch of £22,000 boosts Craig&#39;s retail charity haul to a whopping half a million pounds</title>
        <description>&lt;p&gt;&lt;img src=&quot;http://www.retaillinkrecruitment.co.uk/blog/assets/img/fishing.jpg&quot; alt=&quot;Fly Fishing&quot; /&gt;&lt;/p&gt;

&lt;p&gt;When Craig Vidler, chairman of Retail Link, held his first charity fly-fishing day 27 years ago, it raised £1,000 for good retail causes.&lt;/p&gt;

&lt;p&gt;Since then, the annual two-day event that attracts leading lights from the retail and other sectors, including show business, has netted more than £500,000 for the Retail Trust.&lt;/p&gt;

&lt;p&gt;Craig’s latest fishing fest, held recently in Dever Springs, Hampshire, and attended by 35 guests, raised a record-breaking £22,000.&lt;/p&gt;

&lt;p&gt;Craig, a Retail Trust ambassador, and his wife Marjie have worked tirelessly over the years to raise money for the Trust’s good causes, including homes for retired retailers.&lt;/p&gt;

&lt;p&gt;The event, supported by HR GO plc, Ted Baker and Peel Outlets, also raised money from a charity auction of prizes such as Take That concert tickets.&lt;/p&gt;

&lt;p&gt;Craig, a past Retail Trust trustee and director, said: “It has been an absolute pleasure running this event over the past 27 years and I’m grateful to so many people for their generosity.”&lt;/p&gt;
</description>
        <pubDate>Wed, 10 Jun 2015 12:42:36 +0100</pubDate>
        <link>http://www.retaillinkrecruitment.co.uk/blog/blog/news/2015/06/10/fly-fishing-catch-of-220000-boosts-Craigs-retail-charity-haul-to-a-whopping-half-a-million-pounds.html</link>
        <guid isPermaLink="true">http://www.retaillinkrecruitment.co.uk/blog/blog/news/2015/06/10/fly-fishing-catch-of-220000-boosts-Craigs-retail-charity-haul-to-a-whopping-half-a-million-pounds.html</guid>
        
        
        <category>news</category>
        
      </item>
    
      <item>
        <title>Retail link joins Hilco capital for 15th birthday celebration</title>
        <description>&lt;p&gt;&lt;img src=&quot;http://www.retaillinkrecruitment.co.uk/blog/assets/img/hilco.jpg&quot; alt=&quot;Hico Party&quot; /&gt;&lt;/p&gt;

&lt;p&gt;Hilco Capital, the global leader in distressed investment and advisory services, has celebrated 15 years in business.&lt;/p&gt;

&lt;p&gt;Retail Link has worked closely with the company for the past four years.&lt;/p&gt;

&lt;p&gt;The specialist recruiter has supplied staff for several major retail restructuring programmes, including Habitat, JJB Sports and Clintons.&lt;/p&gt;

&lt;p&gt;Tim Elliott, head of recruitment at Retail Link, attended the 15th Anniversary Hilco Fest on the 38th floor of London’s Heron Tower.&lt;/p&gt;

&lt;p&gt;More than 200 guests enjoyed sushi in Japanese, Brazilian and Peruvian style, with live music from the Stereophonics Indie rock band.&lt;/p&gt;

&lt;p&gt;“Retail Link has supplied Hilco Capital with all the temporary staffing on recent store closure programmes,” Tim said. “We have built up a great relationship over the years, working on some very tight lead times.&lt;/p&gt;

&lt;p&gt;“Carrying out a store closure or staging a promotional event is always a challenge, but we work well as a team and have delivered some great results.”&lt;/p&gt;

&lt;p&gt;He added: “We look forward to supporting Hilco for many years to come. It’s a great business to work with. A big thank you to Hilco Capital for a great night.”&lt;/p&gt;

&lt;p&gt;Paul McGowan, who attended the celebration, founded Hilco Capital in 2000, in partnership with US-based Hilco Global. It has been involved in many of the most notable restructuring projects of recent years.&lt;/p&gt;

</description>
        <pubDate>Sat, 06 Jun 2015 12:42:36 +0100</pubDate>
        <link>http://www.retaillinkrecruitment.co.uk/blog/blog/news/2015/06/06/retail-link-joins-hilco-capital-for-15th-birthday-celebration.html</link>
        <guid isPermaLink="true">http://www.retaillinkrecruitment.co.uk/blog/blog/news/2015/06/06/retail-link-joins-hilco-capital-for-15th-birthday-celebration.html</guid>
        
        
        <category>news</category>
        
      </item>
    
      <item>
        <title>Wrong to tarnish retail industry because of zero hours contracts</title>
        <description>&lt;p&gt;&lt;img src=&quot;http://www.retaillinkrecruitment.co.uk/blog/assets/img/zerohour.jpg&quot; alt=&quot;Hico Party&quot; /&gt;&lt;/p&gt;

&lt;p&gt;The poor perception of retailing as a good place to work has been dented by the sector’s employment practices, according to a report in Retail Week.&lt;/p&gt;

&lt;p&gt;One reason is zero hours contracts, which emerged as a prominent issue during the General Election campaign, with Labour planning to scrap them.&lt;/p&gt;

&lt;p&gt;Sports Direct came under fire for its widespread use of zero hours contracts. Some fear the retail industry has been tarnished by this practice.&lt;/p&gt;

&lt;p&gt;But, according to an ICM poll for Retail Week, the industry already has a poor image amongst consumers who rank it third from bottom in a list of good sectors to work.&lt;/p&gt;

&lt;p&gt;Brand expert Neil Christie told Retail Week that “retailers have an image problem and there’s an assumption their staff are badly paid and poorly treated.”&lt;/p&gt;

&lt;p&gt;Low wages are another perception of the industry. Dixons Carphone group chief executive Sebastian James added: “It is up to the industry to solve the problem that everyone in the country has the wage they need to support their families.”&lt;/p&gt;

&lt;p&gt;Tim Elliott, head of recruitment at Retail Link, said the image was far removed from his experience. Many clients were paying well above the minimum wage, and offered good career progression. &lt;/p&gt;

&lt;p&gt;On zero hours contracts, he said: “These contracts are being abused by some retailers but many candidates and employees like the flexibility they offer. There should not be a reflex reaction against the practice, but the industry should ensure that workers on these contracts are not abused. &lt;/p&gt;

&lt;p&gt;“Ideally, we want to see more permanent jobs in retail. It is a great industry with many good employers, and offers a lot of opportunities and good careers.”&lt;/p&gt;
</description>
        <pubDate>Wed, 03 Jun 2015 12:42:36 +0100</pubDate>
        <link>http://www.retaillinkrecruitment.co.uk/blog/blog/retail/wages/2015/06/03/wrong-to-tarnish-retail-industry-because-of-zero-hours-contracts.html</link>
        <guid isPermaLink="true">http://www.retaillinkrecruitment.co.uk/blog/blog/retail/wages/2015/06/03/wrong-to-tarnish-retail-industry-because-of-zero-hours-contracts.html</guid>
        
        
        <category>retail</category>
        
        <category>wages</category>
        
      </item>
    
  </channel>
</rss>
